Asset / Company,Category,1 Yr Value,1 Yr Growth,5 Yr Value,5 Yr Growth,10 Yr Value,10 Yr Growth,15 Yr Value,15 Yr Growth,20 Yr Value,20 Yr Growth
📈 STOCKS,,,,,,,,,,,
NVIDIA (NVDA),"Technology, Semiconductors","$1,600",1.60x,"$14,500",14.5x,"$35,000",35.0x,"$120,000",120x,"$650,000",650x
Apple (AAPL),"Technology, Hardware","$1,240",1.24x,"$1,770",1.77x,"$9,580",9.58x,"$38,000",38.0x,"$135,000",135x
Amazon (AMZN),"Technology, Internet, Retail","$1,170",1.17x,"$1,310",1.31x,"$6,000",6.0x,"$28,000",28.0x,"$158,000",158x
Microsoft (MSFT),"Technology, Software","$1,120",1.12x,"$1,840",1.84x,"$11,400",11.4x,"$28,000",28.0x,"$35,000",35.0x
Eli Lilly (LLY),"Healthcare, Pharmaceuticals","$1,280",1.28x,"$4,500",4.5x,"$14,500",14.5x,"$24,000",24.0x,"$18,000",18.0x
Broadcom (AVGO),"Technology, Semiconductors","$1,390",1.39x,"$4,200",4.2x,"$17,850",17.8x,"$32,000",32.0x,,
Netflix (NFLX),"Technology, Internet","$1,220",1.22x,"$1,550",1.55x,"$8,800",8.8x,"$21,000",21.0x,"$45,000",45.0x
Constellation (CSU.TO),"Technology, Software","$1,300",1.3x,"$2,850",2.85x,"$15,500",15.5x,"$110,000",110x,"$165,000",165x
Tencent (TCEHY),"Technology, Internet","$1,100",1.1x,$850,0.85x,"$3,400",3.4x,"$16,000",16.0x,"$85,000",85.0x
Copart (CPRT),Industrials,"$1,240",1.24x,"$2,700",2.7x,"$12,800",12.8x,"$34,000",34.0x,"$65,000",65.0x
Fair Isaac (FICO),Financial Services,"$1,450",1.45x,"$3,800",3.8x,"$22,000",22.0x,"$48,000",48.0x,"$55,000",55.0x
Hermès (RMS.PA),Fashion,"$1,180",1.18x,"$2,200",2.2x,"$8,800",8.8x,"$28,000",28.0x,"$48,000",48.0x
O'Reilly Auto (ORLY),Retail,"$1,120",1.12x,"$2,600",2.6x,"$6,800",6.8x,"$22,000",22.0x,"$42,000",42.0x
Couche-Tard (ATD.TO),"Consumer Staples, Retail","$1,150",1.15x,"$2,100",2.1x,"$5,500",5.5x,"$22,000",22.0x,"$43,000",43.0x
Monster Bev. (MNST),"Consumer Staples, Beverages","$1,080",1.08x,"$1,250",1.25x,"$4,400",4.4x,"$22,000",22.0x,"$420,000",420x
Intuitive Surgical,Healthcare,"$1,250",1.25x,"$1,400",1.4x,"$7,900",7.9x,"$17,000",17.0x,"$44,000",44.0x
KLA Corp (KLAC),"Technology, Semiconductors","$1,350",1.35x,"$3,200",3.2x,"$16,500",16.5x,"$28,000",28.0x,"$38,000",38.0x
United Rentals (URI),Industrials,"$1,280",1.28x,"$3,200",3.2x,"$13,000",13.0x,"$38,000",38.0x,"$28,000",28.0x
TSMC (TSM),"Technology, Semiconductors","$1,450",1.45x,"$2,200",2.2x,"$16,200",16.2x,"$21,000",21.0x,"$22,000",22.0x
TransDigm (TDG),"Aerospace, Defense","$1,250",1.25x,"$2,800",2.8x,"$8,800",8.8x,"$27,000",27.0x,"$24,000",24.0x
Adobe (ADBE),"Technology, Software","$1,120",1.12x,"$1,180",1.18x,"$6,800",6.8x,"$17,000",17.0x,"$22,000",22.0x
Reliance (RELIANCE),"Energy, Retail, Telecommunications","$1,180",1.18x,"$2,200",2.2x,"$6,600",6.6x,"$11,000",11.0x,"$18,000",18.0x
HDFC Bank (HDB),Financial Services,"$1,120",1.12x,"$1,250",1.25x,"$3,400",3.4x,"$9,000",9.0x,"$14,000",14.0x
Lockheed (LMT),"Aerospace, Defense","$1,080",1.08x,"$1,600",1.6x,"$4,000",4.0x,"$9,500",9.5x,"$14,500",14.5x
Costco (COST),"Consumer Staples, Retail","$1,240",1.24x,"$2,200",2.2x,"$7,400",7.4x,"$11,500",11.5x,"$14,000",14.0x
L'Oréal (OR.PA),"Consumer Staples, Fashion","$1,120",1.12x,"$1,650",1.65x,"$3,500",3.5x,"$7,000",7.0x,"$9,500",9.5x
Airbus (AIR.PA),"Aerospace, Defense","$1,180",1.18x,"$1,650",1.65x,"$3,500",3.5x,"$11,500",11.5x,"$9,500",9.5x
Samsung (SMSN.L),"Technology, Hardware","$1,120",1.12x,"$1,280",1.28x,"$2,900",2.9x,"$4,500",4.5x,"$7,000",7.0x
AstraZeneca (AZN),"Healthcare, Pharmaceuticals","$1,180",1.18x,"$1,650",1.65x,"$4,500",4.5x,"$5,500",5.5x,"$7,000",7.0x
SAP (SAP),"Technology, Software","$1,350",1.35x,"$1,650",1.65x,"$2,900",2.9x,"$4,500",4.5x,"$6,000",6.0x
Novo Nordisk (NVO),"Healthcare, Pharmaceuticals","$1,280",1.28x,"$4,200",4.2x,"$18,000",18.0x,"$28,000",28.0x,"$34,000",34.0x
ASML (ASML),"Technology, Semiconductors","$1,450",1.45x,"$2,000",2.0x,"$18,200",18.2x,"$38,000",38.0x,"$45,000",45.0x
AMD (AMD),"Technology, Semiconductors","$1,550",1.55x,"$2,200",2.2x,"$8,800",8.8x,"$3,500",3.5x,$750,0.75x
ServiceNow (NOW),"Technology, Software","$1,250",1.25x,"$1,800",1.8x,"$12,500",12.5x,,,,
Cadence (CDNS),"Technology, Software","$1,250",1.25x,"$2,700",2.7x,"$12,200",12.2x,"$17,000",17.0x,"$21,000",21.0x
Meta (META),"Technology, Internet","$1,150",1.15x,"$1,600",1.6x,"$7,500",7.5x,,,,
Alphabet (GOOGL),"Technology, Internet","$1,480",1.48x,"$1,600",1.6x,"$7,000",7.0x,"$11,000",11.0x,"$17,000",17.0x
UnitedHealth (UNH),Healthcare,"$1,120",1.12x,"$1,400",1.4x,"$6,000",6.0x,"$13,000",13.0x,"$17,000",17.0x
LVMH (LVMUY),"Fashion, Beverages","$1,150",1.15x,"$1,400",1.4x,"$5,500",5.5x,"$8,000",8.0x,"$9,500",9.5x
Applied Materials,"Technology, Semiconductors","$1,450",1.45x,"$1,650",1.65x,"$5,200",5.2x,"$9,000",9.0x,"$11,000",11.0x
Home Depot (HD),Retail,"$1,120",1.12x,"$1,200",1.2x,"$4,500",4.5x,"$8,000",8.0x,"$9,500",9.5x
Visa (V),Financial Services,"$1,240",1.24x,"$1,300",1.3x,"$4,200",4.2x,"$11,000",11.0x,,
Sony Group (SONY),"Technology, Internet","$1,120",1.12x,"$1,150",1.15x,"$3,800",3.8x,"$3,500",3.5x,"$2,500",2.5x
Toyota (TM),Automotive,"$1,150",1.15x,"$1,250",1.25x,"$3,800",3.8x,"$2,800",2.8x,"$2,500",2.5x
JPMorgan (JPM),Financial Services,"$1,250",1.25x,"$1,400",1.4x,"$3,600",3.6x,"$4,500",4.5x,"$3,500",3.5x
Mastercard (MA),Financial Services,"$1,250",1.25x,"$1,300",1.3x,"$3,400",3.4x,"$13,000",13.0x,"$121,000",121x
General Motors (GM),Automotive,"$1,150",1.15x,"$1,150",1.15x,"$3,200",3.2x,"$1,800",1.8x,,
Lowe's (LOW),Retail,"$1,120",1.12x,"$1,280",1.28x,"$3,200",3.2x,"$5,500",5.5x,"$6,500",6.5x
Oracle (ORCL),"Technology, Software","$1,350",1.35x,"$1,400",1.4x,"$3,000",3.0x,"$4,500",4.5x,"$4,500",4.5x
McDonald's (MCD),"Restaurants, Food, Beverages","$1,120",1.12x,"$1,250",1.25x,"$2,800",2.8x,"$7,000",7.0x,"$9,500",9.5x
Starbucks (SBUX),"Restaurants, Food, Beverages","$1,050",1.05x,$950,0.95x,"$2,500",2.5x,"$9,000",9.0x,"$11,500",11.5x
Nike (NKE),"Fashion, Retail",$950,0.95x,$750,0.75x,"$2,400",2.4x,"$7,000",7.0x,"$9,500",9.5x
Honda (HMC),Automotive,"$1,120",1.12x,"$1,150",1.15x,"$2,400",2.4x,"$1,800",1.8x,"$1,800",1.8x
Walmart (WMT),"Consumer Staples, Retail","$1,280",1.28x,"$1,400",1.4x,"$2,400",2.4x,"$3,400",3.4x,"$3,500",3.5x
PepsiCo (PEP),"Consumer Staples, Food, Beverages","$1,120",1.12x,"$1,180",1.18x,"$2,200",2.2x,"$4,000",4.0x,"$4,500",4.5x
Volkswagen (VWAGY),Automotive,"$1,050",1.05x,$850,0.85x,"$2,100",2.1x,"$1,400",1.4x,"$1,800",1.8x
Salesforce (CRM),"Technology, Software","$1,350",1.35x,"$1,280",1.28x,"$2,100",2.1x,"$11,000",11.0x,"$17,000",17.0x
Unilever (UL),Consumer Staples,"$1,120",1.12x,"$1,050",1.05x,"$2,000",2.0x,"$2,200",2.2x,"$2,800",2.8x
Coke (KO),"Consumer Staples, Beverages","$1,120",1.12x,"$1,180",1.18x,"$1,950",1.95x,"$2,800",2.8x,"$3,400",3.4x
Ford (F),Automotive,"$1,050",1.05x,"$1,180",1.18x,"$1,900",1.9x,"$1,800",1.8x,"$1,400",1.4x
AbbVie (ABBV),"Healthcare, Pharmaceuticals","$1,150",1.15x,"$1,650",1.65x,"$1,850",1.85x,,,,
Johnson & Johnson,"Healthcare, Pharmaceuticals","$1,120",1.12x,"$1,150",1.15x,"$1,820",1.82x,"$2,800",2.8x,"$3,400",3.4x
Chevron (CVX),Energy,"$1,150",1.15x,"$1,550",1.55x,"$1,750",1.75x,"$2,100",2.1x,"$2,800",2.8x
Stellantis (STLA),Automotive,"$1,120",1.12x,"$1,150",1.15x,"$1,650",1.65x,,,,
ExxonMobil (XOM),Energy,"$1,150",1.15x,"$1,750",1.75x,"$1,620",1.62x,"$1,700",1.7x,"$2,200",2.2x
Pfizer (PFE),"Healthcare, Pharmaceuticals",$950,0.95x,$850,0.85x,"$1,550",1.55x,"$2,200",2.2x,"$2,200",2.2x
Disney (DIS),Entertainment,"$1,150",1.15x,$750,0.75x,"$1,520",1.52x,"$2,800",2.8x,"$3,400",3.4x
Boeing (BA),"Aerospace, Defense","$1,240",1.24x,"$1,000",1.0x,"$1,760",1.76x,"$3,500",3.5x,"$3,060",3.06x
AT&T (T),Telecommunications,"$1,120",1.12x,"$1,150",1.15x,"$1,440",1.44x,"$1,400",1.4x,"$1,700",1.7x
Intel (INTC),"Technology, Semiconductors",$950,0.95x,$650,0.65x,"$1,240",1.24x,"$1,400",1.4x,"$1,700",1.7x
Verizon (VZ),Telecommunications,"$1,120",1.12x,"$1,150",1.15x,"$1,180",1.18x,"$1,400",1.4x,"$1,700",1.7x
Walgreens (WBA),"Healthcare, Retail",$850,0.85x,$450,0.45x,$520,0.52x,"$1,100",1.1x,"$1,400",1.4x
Tesla (TSLA),Automotive,"$1,250",1.25x,"$1,380",1.38x,"$16,000",16.0x,"$155,000",155x,,
Shopify (SHOP),"Technology, Internet","$1,350",1.35x,$700,0.7x,"$28,000",28.0x,,,,
Ferrari (RACE),Automotive,"$1,450",1.45x,"$2,200",2.2x,"$14,500",14.5x,,,,
BYD (BYDDF),Automotive,"$1,250",1.25x,"$1,650",1.65x,"$11,500",11.5x,"$14,000",14.0x,"$17,000",17.0x
Uber (UBER),Transportation,"$1,800",1.8x,"$1,750",1.75x,"$1,750",1.75x,,,,
Alibaba (BABA),"Technology, Internet","$1,150",1.15x,$550,0.55x,"$1,400",1.4x,,,,
Grab (GRAB),Transportation,"$1,150",1.15x,$450,0.45x,$450,0.45x,,,,
Rolls-Royce (RYCEY),"Aerospace, Defense","$1,800",1.8x,"$11,500",11.5x,"$2,200",2.2x,"$1,700",1.7x,"$3,400",3.4x
Petrobras (PBR),Energy,"$1,280",1.28x,"$3,200",3.2x,"$8,000",8.0x,"$1,700",1.7x,"$2,800",2.8x
Palantir (PLTR),"Technology, AI/Data",$780,0.78x,"$6,260",6.26x,,,,,,
Arista Networks (ANET),"Technology, Networking","$1,780",1.78x,"$12,014",12.0x,"$38,000",38.0x,,,,
Vertiv (VRT),"Technology, Data Centers","$1,900",1.90x,"$14,276",14.3x,,,,,,
Arm Holdings (ARM),"Technology, Semiconductors","$1,260",1.26x,,,,,,,,
Micron Technology (MU),"Technology, Semiconductors","$6,621",6.62x,"$3,200",3.2x,"$28,000",28.0x,"$55,000",55.0x,"$95,000",95.0x
Lam Research (LRCX),"Technology, Semiconductors","$3,595",3.60x,"$8,200",8.2x,"$55,000",55.0x,"$95,000",95.0x,"$110,000",110x
Marvell Tech (MRVL),"Technology, Semiconductors","$1,450",1.45x,"$3,800",3.8x,"$22,000",22.0x,,,,
S&P Global (SPGI),"Financial Services, Data","$1,250",1.25x,"$2,100",2.1x,"$12,000",12.0x,"$22,000",22.0x,"$45,000",45.0x
Moody's (MCO),"Financial Services, Data","$1,220",1.22x,"$2,000",2.0x,"$11,000",11.0x,"$20,000",20.0x,"$42,000",42.0x
Booking Holdings (BKNG),"Technology, Travel","$1,350",1.35x,"$2,200",2.2x,"$9,500",9.5x,"$18,000",18.0x,"$38,000",38.0x
Cintas (CTAS),"Industrials, Services","$1,180",1.18x,"$2,400",2.4x,"$9,000",9.0x,"$18,000",18.0x,"$35,000",35.0x
Danaher (DHR),"Healthcare, Industrials","$1,100",1.10x,"$1,500",1.5x,"$7,000",7.0x,"$18,000",18.0x,"$38,000",38.0x
Veeva Systems (VEEV),"Technology, Healthcare","$1,150",1.15x,"$1,400",1.4x,"$9,000",9.0x,,,,
Workday (WDAY),"Technology, Software","$1,100",1.10x,"$1,350",1.35x,"$7,500",7.5x,,,,
Crowdstrike (CRWD),"Technology, Cybersecurity","$1,550",1.55x,"$4,500",4.5x,,,,,,
Datadog (DDOG),"Technology, Software","$1,200",1.20x,"$2,800",2.8x,,,,,,
Snowflake (SNOW),"Technology, Cloud",$800,0.80x,"$1,100",1.1x,,,,,,
Waste Management (WM),"Industrials, Utilities","$1,140",1.14x,"$1,800",1.8x,"$5,500",5.5x,"$12,000",12.0x,"$22,000",22.0x
Texas Instruments (TXN),"Technology, Semiconductors","$1,120",1.12x,"$1,600",1.6x,"$5,500",5.5x,"$11,000",11.0x,"$25,000",25.0x
Zoetis (ZTS),"Healthcare, Animal Health","$1,080",1.08x,"$1,400",1.4x,"$7,000",7.0x,,,,
Intercontinental (ICE),Financial Services,"$1,180",1.18x,"$1,750",1.75x,"$6,000",6.0x,"$12,000",12.0x,"$22,000",22.0x
CME Group (CME),Financial Services,"$1,150",1.15x,"$1,600",1.6x,"$4,500",4.5x,"$9,500",9.5x,"$18,000",18.0x
Spotify (SPOT),"Technology, Media","$1,450",1.45x,"$3,200",3.2x,,,,,,
Block (SQ),"Technology, FinTech","$1,050",1.05x,"$1,100",1.1x,"$8,000",8.0x,,,,
Sea Limited (SE),"Technology, Internet","$1,200",1.20x,"$1,100",1.1x,"$11,000",11.0x,,,,
MercadoLibre (MELI),"Technology, E-Commerce","$1,350",1.35x,"$3,500",3.5x,"$18,000",18.0x,"$38,000",38.0x,,
Thermo Fisher (TMO),"Healthcare, Life Sciences","$1,150",1.15x,"$2,200",2.2x,"$9,500",9.5x,"$22,000",22.0x,"$45,000",45.0x
Becton Dickinson (BDX),"Healthcare, Medical Devices","$1,080",1.08x,"$1,350",1.35x,"$4,200",4.2x,"$9,000",9.0x,"$18,000",18.0x
Boston Scientific (BSX),"Healthcare, Medical Devices","$1,240",1.24x,"$2,800",2.8x,"$8,500",8.5x,"$18,000",18.0x,"$2,800",2.8x
Regeneron (REGN),"Healthcare, Biotechnology","$1,100",1.10x,"$1,800",1.8x,"$7,500",7.5x,"$18,000",18.0x,"$38,000",38.0x
Gilead Sciences (GILD),"Healthcare, Biotechnology","$1,120",1.12x,"$1,450",1.45x,"$3,200",3.2x,"$7,000",7.0x,"$14,000",14.0x
Medtronic (MDT),"Healthcare, Medical Devices","$1,060",1.06x,"$1,100",1.1x,"$2,200",2.2x,"$5,500",5.5x,"$11,000",11.0x
Caterpillar (CAT),"Industrials, Machinery","$1,180",1.18x,"$2,200",2.2x,"$6,500",6.5x,"$14,000",14.0x,"$28,000",28.0x
Deere & Co. (DE),"Industrials, Agriculture","$1,120",1.12x,"$2,000",2.0x,"$7,000",7.0x,"$16,000",16.0x,"$32,000",32.0x
Honeywell (HON),"Industrials, Technology","$1,100",1.10x,"$1,500",1.5x,"$4,500",4.5x,"$9,500",9.5x,"$18,000",18.0x
Parker Hannifin (PH),"Industrials, Manufacturing","$1,200",1.20x,"$2,400",2.4x,"$8,500",8.5x,"$18,000",18.0x,"$35,000",35.0x
GE Aerospace (GEV),"Industrials, Aerospace","$1,840",1.84x,,,,,,,,
Eaton Corp (ETN),"Industrials, Energy Mgmt","$1,250",1.25x,"$2,800",2.8x,"$9,000",9.0x,"$18,000",18.0x,"$35,000",35.0x
Goldman Sachs (GS),Financial Services,"$1,350",1.35x,"$2,200",2.2x,"$6,000",6.0x,"$11,000",11.0x,"$22,000",22.0x
Morgan Stanley (MS),Financial Services,"$1,280",1.28x,"$1,900",1.9x,"$5,500",5.5x,"$10,000",10.0x,"$20,000",20.0x
American Express (AXP),Financial Services,"$1,250",1.25x,"$2,400",2.4x,"$7,500",7.5x,"$16,000",16.0x,"$30,000",30.0x
Chubb (CB),"Financial Services, Insurance","$1,200",1.20x,"$1,800",1.8x,"$4,500",4.5x,"$9,000",9.0x,"$18,000",18.0x
Progressive (PGR),"Financial Services, Insurance","$1,250",1.25x,"$2,800",2.8x,"$9,500",9.5x,"$20,000",20.0x,"$38,000",38.0x
Palo Alto (PANW),"Technology, Cybersecurity","$1,120",1.12x,"$2,800",2.8x,"$12,000",12.0x,,,,
Cloudflare (NET),"Technology, Cloud","$1,200",1.20x,"$2,200",2.2x,,,,,,
Fortinet (FTNT),"Technology, Cybersecurity","$1,150",1.15x,"$2,000",2.0x,"$8,000",8.0x,,,,
HubSpot (HUBS),"Technology, Software","$1,100",1.10x,"$1,800",1.8x,"$7,200",7.2x,,,,
Synopsys (SNPS),"Technology, Software, EDA","$1,200",1.20x,"$2,400",2.4x,"$11,000",11.0x,,,,
Chipotle (CMG),"Restaurants, Food","$1,200",1.20x,"$2,200",2.2x,"$8,500",8.5x,"$18,000",18.0x,,
Pool Corp (POOL),"Consumer, Retail","$1,100",1.10x,"$1,800",1.8x,"$7,500",7.5x,"$16,000",16.0x,,
Dollar General (DG),"Consumer Staples, Retail",$950,0.95x,$800,0.8x,"$2,200",2.2x,"$8,500",8.5x,"$14,000",14.0x
ICICI Bank (IBN),Financial Services,"$1,180",1.18x,"$1,800",1.8x,"$4,500",4.5x,"$9,500",9.5x,"$18,000",18.0x
Infosys (INFY),"Technology, IT Services","$1,100",1.10x,"$1,600",1.6x,"$4,000",4.0x,"$8,500",8.5x,"$16,000",16.0x
Keyence (KYCCF),"Technology, Industrials","$1,120",1.12x,"$1,500",1.5x,"$5,500",5.5x,"$12,000",12.0x,"$25,000",25.0x
LVMH (MC.PA),"Fashion, Luxury","$1,150",1.15x,"$2,200",2.2x,"$7,000",7.0x,"$14,000",14.0x,"$22,000",22.0x
Richemont (CFR.SW),"Fashion, Luxury","$1,150",1.15x,"$2,000",2.0x,"$5,500",5.5x,"$12,000",12.0x,"$20,000",20.0x
NextEra Energy (NEE),"Energy, Utilities","$1,080",1.08x,"$1,400",1.4x,"$4,500",4.5x,"$10,000",10.0x,"$22,000",22.0x
ConocoPhillips (COP),Energy,"$1,150",1.15x,"$2,400",2.4x,"$5,500",5.5x,"$10,000",10.0x,"$18,000",18.0x
Nintendo (NTDOY),"Technology, Gaming","$1,150",1.15x,"$1,600",1.6x,"$4,000",4.0x,"$8,000",8.0x,"$14,000",14.0x
Roblox (RBLX),"Technology, Gaming",$850,0.85x,$700,0.7x,,,,,,
Take-Two (TTWO),"Technology, Gaming","$1,050",1.05x,"$1,200",1.2x,"$3,500",3.5x,,,,
Western Digital (WDC),"Technology, Storage","$9,471",9.47x,"$2,800",2.8x,"$14,000",14.0x,"$22,000",22.0x,"$27,700",27.7x
Seagate Tech (STX),"Technology, Storage","$7,739",7.74x,"$3,200",3.2x,"$11,000",11.0x,"$18,000",18.0x,"$22,000",22.0x
Corning (GLW),"Technology, Materials","$3,629",3.63x,"$1,400",1.4x,"$3,500",3.5x,"$7,000",7.0x,"$12,000",12.0x
Qualcomm (QCOM),"Technology, Semiconductors","$1,180",1.18x,"$2,200",2.2x,"$8,500",8.5x,"$14,000",14.0x,"$20,000",20.0x
ON Semiconductor (ON),"Technology, Semiconductors","$1,050",1.05x,"$4,500",4.5x,"$18,000",18.0x,,,,
Analog Devices (ADI),"Technology, Semiconductors","$1,120",1.12x,"$1,800",1.8x,"$8,000",8.0x,"$16,000",16.0x,"$28,000",28.0x
Wolfspeed (WOLF),"Technology, Semiconductors",$750,0.75x,$300,0.3x,"$1,200",1.2x,,,,
Old Dominion (ODFL),"Industrials, Transport","$1,120",1.12x,"$2,200",2.2x,"$10,000",10.0x,"$22,000",22.0x,"$38,000",38.0x
FedEx (FDX),"Industrials, Transport","$1,100",1.10x,"$1,400",1.4x,"$3,500",3.5x,"$7,000",7.0x,"$14,000",14.0x
UPS (UPS),"Industrials, Transport","$1,050",1.05x,"$1,100",1.1x,"$2,800",2.8x,"$5,500",5.5x,"$11,000",11.0x
XPO Logistics (XPO),"Industrials, Transport","$1,350",1.35x,"$4,200",4.2x,"$9,500",9.5x,,,,
Coinbase (COIN),"Technology, Crypto/FinTech","$1,100",1.10x,"$2,800",2.8x,,,,,,
Robinhood (HOOD),"Technology, FinTech","$1,550",1.55x,"$2,400",2.4x,,,,,,
Affirm (AFRM),"Technology, FinTech","$1,200",1.20x,"$1,100",1.1x,,,,,,
Nu Holdings (NU),"Technology, FinTech","$1,350",1.35x,,,,,,,,
Airbnb (ABNB),"Technology, Travel","$1,150",1.15x,"$1,200",1.2x,,,,,,
DoorDash (DASH),"Technology, Food Delivery","$1,350",1.35x,"$1,600",1.6x,,,,,,
Lyft (LYFT),"Technology, Transport","$1,050",1.05x,$500,0.5x,"$1,800",1.8x,,,,
Warner Bros (WBD),"Entertainment, Media",$950,0.95x,$350,0.35x,,,,,,
Comcast (CMCSA),"Media, Telecommunications","$1,050",1.05x,"$1,000",1.0x,"$2,200",2.2x,"$5,500",5.5x,"$9,000",9.0x
Paramount (PARA),"Entertainment, Media",$850,0.85x,$350,0.35x,$800,0.8x,,,,
Enbridge (ENB),"Energy, Infrastructure","$1,120",1.12x,"$1,400",1.4x,"$2,500",2.5x,"$5,500",5.5x,"$9,000",9.0x
Plug Power (PLUG),"Energy, Hydrogen",$550,0.55x,$300,0.3x,$800,0.8x,,,,
Vestas Wind (VWSYF),"Energy, Wind",$850,0.85x,"$1,100",1.1x,"$2,800",2.8x,"$7,000",7.0x,"$4,000",4.0x
Meituan (MPNGF),"Technology, Food Delivery","$1,400",1.40x,"$1,200",1.2x,,,,,,
PDD Holdings (PDD),"Technology, E-Commerce","$1,100",1.10x,"$5,500",5.5x,,,,,,
JD.com (JD),"Technology, E-Commerce","$1,200",1.20x,"$1,000",1.0x,"$2,200",2.2x,,,,
Baidu (BIDU),"Technology, Internet, AI",$950,0.95x,$600,0.6x,"$2,800",2.8x,,,,
Adani Enterprises (ADANIENT),"Industrials, Energy","$1,200",1.20x,"$3,500",3.5x,"$18,000",18.0x,,,,
Naspers (NPSNY),"Technology, Internet","$1,100",1.10x,"$1,400",1.4x,"$5,500",5.5x,"$14,000",14.0x,,
Prosus (PRX.AS),"Technology, Internet","$1,100",1.10x,"$1,400",1.4x,,,,,,
Kering (KER.PA),"Fashion, Luxury",$900,0.90x,"$1,100",1.1x,"$4,500",4.5x,"$11,000",11.0x,"$18,000",18.0x
Moncler (MONC.MI),"Fashion, Luxury","$1,100",1.10x,"$1,800",1.8x,,,,,,
Brunello Cucinelli (BC.MI),"Fashion, Luxury","$1,150",1.15x,"$2,800",2.8x,,,,,,
📦 ETFs AND FUNDS,,,,,,,,,,,
KKR & Co. (KKR),Financial Services,"$1,250",1.25x,"$2,800",2.8x,"$17,500",17.5x,"$22,000",22.0x,,
Blackstone (BX),Financial Services,"$1,250",1.25x,"$2,000",2.0x,"$14,800",14.8x,"$20,000",20.0x,,
BlackRock (BLK),Financial Services,"$1,150",1.15x,"$1,350",1.35x,"$5,800",5.8x,"$9,000",9.0x,"$13,500",13.5x
Berkshire (BRK.B),"Financial Services, Energy, Industrials, Retail","$1,350",1.35x,"$1,550",1.55x,"$4,200",4.2x,"$4,500",4.5x,"$5,500",5.5x
Scot. Mortgage (SMT),"Financial Services, Technology","$1,150",1.15x,"$1,200",1.2x,"$9,200",9.2x,"$11,500",11.5x,"$13,500",13.5x
Softbank (SFTBY),"Financial Services, Technology","$1,250",1.25x,"$1,200",1.2x,"$4,200",4.2x,"$5,500",5.5x,"$4,500",4.5x
Private Equity (PSP),"ETF, Financial Services","$1,250",1.25x,"$1,350",1.35x,"$4,200",4.2x,"$4,500",4.5x,,
Info Tech (VGT),"ETF, Technology","$1,380",1.38x,"$1,950",1.95x,"$6,600",6.6x,"$13,500",13.5x,"$16,500",16.5x
NASDAQ 100 (QQQ),"ETF, Technology","$1,380",1.38x,"$1,550",1.55x,"$8,300",8.3x,"$13,500",13.5x,"$16,500",16.5x
Tech Select (XLK),"ETF, Technology","$1,380",1.38x,"$1,950",1.95x,"$6,600",6.6x,"$13,500",13.5x,"$15,500",15.5x
Semiconductor (SOXX),"ETF, Technology, Semiconductors","$1,450",1.45x,"$2,200",2.2x,"$13,800",13.8x,"$15,500",15.5x,"$16,500",16.5x
S&P 500 (VOO),"ETF, Equities","$1,300",1.3x,"$1,750",1.75x,"$4,300",4.3x,"$7,500",7.5x,"$10,000",10.0x
Total Mkt (VTI),"ETF, Equities","$1,270",1.27x,"$1,700",1.7x,"$4,000",4.0x,"$7,000",7.0x,"$9,500",9.5x
Equal Weight (RSP),"ETF, Equities","$1,180",1.18x,"$1,400",1.4x,"$3,400",3.4x,"$4,500",4.5x,"$5,500",5.5x
Small-Cap (IJR),"ETF, Equities","$1,180",1.18x,"$1,400",1.4x,"$2,800",2.8x,"$4,500",4.5x,"$5,500",5.5x
Mid-Cap (MDY),"ETF, Equities","$1,250",1.25x,"$1,350",1.35x,"$3,200",3.2x,"$4,500",4.5x,"$6,200",6.2x
Small-Cap (IWM),"ETF, Equities","$1,150",1.15x,"$1,250",1.25x,"$2,700",2.7x,"$3,800",3.8x,"$5,000",5.0x
Healthcare (VHT),"ETF, Healthcare","$1,150",1.15x,"$1,550",1.55x,"$2,800",2.8x,"$6,600",6.6x,"$9,000",9.0x
Biotech (XBI),"ETF, Healthcare","$1,180",1.18x,"$1,350",1.35x,"$2,200",2.2x,"$9,000",9.0x,"$11,500",11.5x
Aero & Def. (ITA),"ETF, Aerospace, Defense","$1,180",1.18x,"$1,650",1.65x,"$3,800",3.8x,"$6,850",6.85x,"$10,300",10.3x
Financial (XLF),"ETF, Financial Services","$1,250",1.25x,"$1,550",1.55x,"$3,400",3.4x,"$4,500",4.5x,"$2,800",2.8x
Schwab Div (SCHD),"ETF, Dividend","$1,150",1.15x,"$1,550",1.55x,"$2,800",2.8x,"$5,900",5.9x,,
S&P Dividend (SDY),"ETF, Dividend","$1,150",1.15x,"$1,450",1.45x,"$3,200",3.2x,"$4,200",4.2x,"$5,000",5.0x
Cons. Staples (XLP),"ETF, Consumer Staples","$1,080",1.08x,"$1,400",1.4x,"$2,200",2.2x,"$3,800",3.8x,"$5,000",5.0x
Cybersecurity (IGV),"ETF, Technology","$1,250",1.25x,"$1,750",1.75x,"$7,200",7.2x,"$11,000",11.0x,"$17,500",17.5x
Clean Energy (PBW),"ETF, Energy",$950,0.95x,$450,0.45x,$900,0.9x,$700,0.7x,$550,0.55x
Utilities (XLU),"ETF, Utilities","$1,150",1.15x,"$1,250",1.25x,"$2,500",2.5x,"$3,800",3.8x,"$5,000",5.0x
Total World (VT),"ETF, Equities","$1,150",1.15x,"$1,350",1.35x,"$3,400",3.4x,"$4,500",4.5x,,
Global 100 (IOO),"ETF, Equities","$1,250",1.25x,"$1,450",1.45x,"$3,500",3.5x,"$4,200",4.2x,"$5,000",5.0x
Dev Markets (EFA),"ETF, Equities","$1,150",1.15x,"$1,250",1.25x,"$2,000",2.0x,"$2,200",2.2x,"$2,800",2.8x
Emerging Mkts (EEM),"ETF, Equities","$1,150",1.15x,"$1,150",1.15x,"$1,900",1.9x,"$1,500",1.5x,"$2,800",2.8x
India (INDA),"ETF, Equities","$1,280",1.28x,"$1,750",1.75x,"$2,800",2.8x,"$3,800",3.8x,"$5,000",5.0x
China Large (FXI),"ETF, Equities","$1,080",1.08x,$650,0.65x,"$1,000",1.0x,"$1,200",1.2x,"$1,700",1.7x
Japan (EWJ),"ETF, Equities","$1,180",1.18x,"$1,450",1.45x,"$2,200",2.2x,"$2,800",2.8x,"$2,200",2.2x
Intl Value (EFV),"ETF, Equities","$1,150",1.15x,"$1,350",1.35x,"$1,600",1.6x,"$1,700",1.7x,"$2,000",2.0x
Vanguard Growth (VUG),"ETF, Equities, Growth","$1,330",1.33x,"$1,950",1.95x,"$5,800",5.8x,"$12,000",12.0x,"$18,000",18.0x
iShares Growth (IWF),"ETF, Equities, Growth","$1,300",1.30x,"$1,900",1.9x,"$5,500",5.5x,"$11,500",11.5x,"$17,000",17.0x
Schwab US Growth (SCHG),"ETF, Equities, Growth","$1,330",1.33x,"$1,950",1.95x,"$5,800",5.8x,"$12,000",12.0x,,
ARK Innovation (ARKK),"ETF, Technology, Disruptive","$1,050",1.05x,$600,0.6x,"$4,500",4.5x,,,,
AI & Robotics (BOTZ),"ETF, Technology, AI/Robotics","$1,250",1.25x,"$1,400",1.4x,"$3,800",3.8x,,,,
Defense (DFEN/ITA),"ETF, Aerospace, Defense","$1,400",1.40x,"$2,200",2.2x,"$5,500",5.5x,"$6,850",6.85x,"$10,300",10.3x
FTSE All-World (VWRL),"ETF, Equities, Global","$1,150",1.15x,"$1,500",1.5x,"$3,200",3.2x,"$5,500",5.5x,,
Real Estate (VNQ),"ETF, Real Estate","$1,120",1.12x,"$1,400",1.4x,"$2,800",2.8x,"$5,000",5.0x,"$8,500",8.5x
High Dividend (VYM),"ETF, Dividend","$1,140",1.14x,"$1,550",1.55x,"$3,200",3.2x,"$5,500",5.5x,"$9,000",9.0x
Vanguard Div Apprec (VIG),"ETF, Dividend","$1,140",1.14x,"$1,600",1.6x,"$3,800",3.8x,"$7,000",7.0x,"$12,000",12.0x
Latin America (ILF),"ETF, Equities, LatAm","$1,150",1.15x,"$1,100",1.1x,"$1,400",1.4x,"$1,200",1.2x,"$1,800",1.8x
Korea (EWY),"ETF, Equities, Korea","$1,050",1.05x,"$1,000",1.0x,"$1,400",1.4x,"$1,500",1.5x,"$2,200",2.2x
MSCI World (IWRD),"ETF, Equities, Global","$1,150",1.15x,"$1,550",1.55x,"$3,400",3.4x,"$6,500",6.5x,"$11,000",11.0x
Invesco QQQ (TQQQ),"ETF, Technology, Leveraged","$1,390",1.39x,"$2,360",2.36x,"$12,500",12.5x,,,,
Oil & Gas Expl (XOP),"ETF, Energy","$1,430",1.43x,"$2,200",2.2x,"$3,800",3.8x,"$5,500",5.5x,,
Genomics (ARKG),"ETF, Healthcare, Genomics",$800,0.80x,$500,0.5x,,,,,,
Fintech (FINX),"ETF, Technology, FinTech","$1,100",1.10x,"$1,200",1.2x,"$3,500",3.5x,,,,
Obesity & Pharma (MEDS),"ETF, Healthcare, Pharma","$1,200",1.20x,,,,,,,,
Global X AI (AIQ),"ETF, Technology, AI","$1,300",1.30x,"$2,200",2.2x,,,,,,
iShares FTSE 100 (ISF),"ETF, Equities, UK","$1,080",1.08x,"$1,300",1.3x,"$2,200",2.2x,"$3,500",3.5x,"$5,500",5.5x
iShares MSCI Brazil (EWZ),"ETF, Equities, Brazil","$1,150",1.15x,"$1,100",1.1x,"$1,200",1.2x,"$1,400",1.4x,"$2,200",2.2x
VanEck Vietnam (VNM),"ETF, Equities, Vietnam","$1,120",1.12x,"$1,100",1.1x,"$1,600",1.6x,,,,
iShares MSCI Mexico (EWW),"ETF, Equities, Mexico","$1,100",1.10x,"$1,100",1.1x,"$1,400",1.4x,"$1,800",1.8x,"$2,500",2.5x
Invesco India (PIN),"ETF, Equities, India","$1,250",1.25x,"$1,700",1.7x,"$2,600",2.6x,"$3,500",3.5x,,
iShares MSCI Saudi (KSA),"ETF, Equities, Saudi Arabia","$1,100",1.10x,"$1,200",1.2x,"$1,800",1.8x,,,,
Global X Nigeria (NGE),"ETF, Equities, Africa","$1,150",1.15x,$900,0.9x,"$1,200",1.2x,,,,
US Treasuries 20Y (TLT),"ETF, Bonds, Government","$1,050",1.05x,$800,0.8x,"$1,100",1.1x,"$1,800",1.8x,"$2,200",2.2x
Corp Bonds (LQD),"ETF, Bonds, Corporate","$1,050",1.05x,"$1,100",1.1x,"$1,400",1.4x,"$1,800",1.8x,"$2,500",2.5x
High Yield Bonds (HYG),"ETF, Bonds, High Yield","$1,060",1.06x,"$1,200",1.2x,"$1,600",1.6x,"$2,200",2.2x,"$3,200",3.2x
Inflation-Prot (TIP),"ETF, Bonds, TIPS","$1,040",1.04x,"$1,050",1.05x,"$1,150",1.15x,"$1,400",1.4x,"$1,800",1.8x
Industrials (XLI),"ETF, Industrials","$1,150",1.15x,"$1,700",1.7x,"$3,500",3.5x,"$6,500",6.5x,"$11,000",11.0x
Materials (XLB),"ETF, Materials","$1,120",1.12x,"$1,600",1.6x,"$2,800",2.8x,"$5,500",5.5x,"$9,000",9.0x
Energy (XLE),"ETF, Energy","$1,200",1.20x,"$1,900",1.9x,"$2,200",2.2x,"$4,500",4.5x,"$7,000",7.0x
Communication (XLC),"ETF, Communication","$1,200",1.20x,"$1,600",1.6x,,,,,,
Consumer Disc (XLY),"ETF, Consumer Discretionary","$1,150",1.15x,"$1,500",1.5x,"$5,500",5.5x,"$11,000",11.0x,"$18,000",18.0x
iShares MSCI Taiwan (EWT),"ETF, Equities, Taiwan","$1,200",1.20x,"$1,700",1.7x,"$3,800",3.8x,"$5,160",5.16x,"$7,290",7.3x
iShares MSCI Indonesia (EIDO),"ETF, Equities, Indonesia","$1,050",1.05x,"$1,000",1.0x,"$1,200",1.2x,,,,
iShares MSCI UAE (UAE),"ETF, Equities, Middle East","$1,100",1.10x,"$1,400",1.4x,"$2,200",2.2x,,,,
iShares MSCI Poland (EPOL),"ETF, Equities, Europe","$1,200",1.20x,"$1,400",1.4x,"$1,600",1.6x,,,,
VanEck Africa (AFK),"ETF, Equities, Africa","$1,100",1.10x,$900,0.9x,"$1,000",1.0x,,,,
iShares MSCI Aust (EWA),"ETF, Equities, Australia","$1,100",1.10x,"$1,300",1.3x,"$2,200",2.2x,"$3,500",3.5x,"$5,500",5.5x
iShares S.Africa (EZA),"ETF, Equities, South Africa","$1,694",1.69x,"$1,774",1.77x,"$2,190",2.19x,"$3,200",3.20x,"$4,600",4.60x
SPDR S&P Emerg Africa,"ETF, Equities, Pan-Africa","$1,120",1.12x,"$1,000",1.0x,"$1,300",1.3x,,,,
VanEck Egypt (EGPT),"ETF, Equities, Middle East/Africa","$1,350",1.35x,"$1,200",1.2x,$900,0.9x,,,,
🛢️ COMMODITIES,,,,,,,,,,,
Global Water (CGW),"ETF, Utilities","$1,150",1.15x,"$1,350",1.35x,"$2,800",2.8x,"$3,800",3.8x,"$4,500",4.5x
Global X Copper (COPX),"ETF, Commodities, Metals","$1,250",1.25x,"$2,200",2.2x,"$3,500",3.5x,,,,
Lithium (LIT),"ETF, Commodities, EV",$750,0.75x,$800,0.8x,"$2,200",2.2x,,,,
Palladium (PALL),"ETF, Commodities, Metals","$1,050",1.05x,$800,0.8x,"$3,500",3.5x,"$1,920",1.92x,,
Platinum (PPLT),"ETF, Commodities, Metals","$1,050",1.05x,$900,0.9x,"$1,400",1.4x,,,,
Agriculture (DBA),"ETF, Commodities, Agriculture","$1,100",1.10x,"$1,400",1.4x,"$1,600",1.6x,"$2,200",2.2x,,
Natural Gas (UNG),"ETF, Commodities, Energy","$1,150",1.15x,$700,0.7x,$600,0.6x,,,,
iShares Timber (WOOD),"Commodity/ETF, Timber & Forestry","$1,080",1.08x,"$1,306",1.29x,"$1,790",1.79x,"$2,571",2.43x,"$3,523",3.50x
VanEck Rare Earth/Strat Metals (REMX),"Commodity/ETF, Rare Earth & Strategic Metals","$1,250",1.25x,"$2,287",2.28x,"$4,411",4.41x,"$7,137",7.14x,"$10,545",10.8x
Global X Silver Miners (SIL),"Commodity/ETF, Silver Miners","$1,400",1.40x,"$2,488",2.49x,"$4,411",4.41x,"$7,137",7.14x,"$8,062",8.06x
Copper (COPX-style),"Commodity/ETF, Industrial Metals","$1,250",1.25x,"$2,287",2.28x,"$4,045",4.05x,"$6,254",6.25x,"$8,062",8.06x
Steel (XSLV/SLX-style),"Commodity/ETF, Industrial Metals","$1,150",1.15x,"$1,762",1.76x,"$2,593",2.59x,"$3,172",3.17x,"$3,869",3.87x
Lithium (LIT / LIT-style),"Commodity/ETF, Strategic Metals","$1,100",1.10x,"$2,011",2.01x,"$3,105",3.11x,"$4,177",4.18x,"$5,112",5.19x
Cobalt (CBT-style),"Commodity/ETF, Strategic Metals","$1,050",1.05x,"$1,762",1.76x,"$2,593",2.59x,"$3,642",3.64x,"$4,660",4.66x
Nickel (NICK-style),"Commodity/ETF, Strategic Metals","$1,050",1.05x,"$1,925",1.93x,"$2,839",2.84x,"$4,177",4.18x,"$5,604",5.60x
Broad Commodities (PDBC),"Commodity/ETF, Diversified","$1,250",1.25x,"$2,287",2.28x,"$3,707",3.71x,"$5,473",5.47x,"$6,727",6.73x
Bitcoin (BTC),Cryptocurrency,"$1,380",1.38x,"$13,000",13.0x,"$350,000",350x,,,,
Gold Miners (GDX),"Mining, Gold","$1,550",1.55x,"$1,250",1.25x,"$3,800",3.8x,$600,0.6x,"$3,200",3.2x
Energy ETF (VDE),"ETF, Energy","$1,380",1.38x,"$3,400",3.4x,"$4,000",4.0x,"$1,700",1.7x,"$3,800",3.8x
Uranium (URA/CCJ),"Mining, Uranium","$1,350",1.35x,"$3,200",3.2x,"$5,000",5.0x,"$2,200",2.2x,"$3,200",3.2x
Gold ETF (GLD),Metals,"$1,180",1.18x,"$1,350",1.35x,"$3,500",3.5x,"$1,700",1.7x,"$4,500",4.5x
Silver ETF (SLV),Metals,"$1,150",1.15x,"$1,250",1.25x,"$4,000",4.0x,$900,0.9x,"$1,700",1.7x
Steel (SLX/NUE),Metals,"$1,250",1.25x,"$1,850",1.85x,"$4,500",4.5x,"$5,000",5.0x,"$9,000",9.0x
🏘️ REAL ESTATE,,,,,,,,,,,
American Twr (AMT),"REIT, Telecommunications","$1,150",1.15x,"$1,050",1.05x,"$4,200",4.2x,"$9,000",9.0x,"$13,500",13.5x
Prologis (PLD),"REIT, Industrials","$1,150",1.15x,"$1,250",1.25x,"$5,000",5.0x,"$6,600",6.6x,"$5,500",5.5x
Realty Income (O),"REIT, Retail","$1,150",1.15x,"$1,150",1.15x,"$2,500",2.5x,"$3,400",3.4x,"$4,500",4.5x
Dubai Property,"Physical, Residential","$1,180",1.18x,"$2,400",2.4x,"$2,500",2.5x,"$5,000",5.0x,"$2,800",2.8x
New York Prop,"Physical, Residential","$1,080",1.08x,"$1,300",1.3x,"$2,200",2.2x,"$3,800",3.8x,"$5,500",5.5x
London Property,"Physical, Residential","$1,075",1.07x,"$1,436",1.44x,"$2,061",2.06x,"$2,572",2.57x,"$3,524",3.52x
Kuala Lumpur Prop,"Physical, Residential","$1,065",1.06x,"$1,370",1.37x,"$1,877",1.88x,"$2,232",2.23x,"$2,918",2.92x
Sydney Property,"Physical, Residential","$1,090",1.09x,"$1,539",1.54x,"$2,261",2.26x,"$3,172",3.17x,"$4,661",4.66x
Toronto Property,"Physical, Residential","$1,065",1.06x,"$1,370",1.37x,"$2,061",2.06x,"$3,172",3.17x,"$4,661",4.66x
Singapore Property,"Physical, Residential","$1,060",1.06x,"$1,338",1.34x,"$1,791",1.79x,"$2,232",2.23x,"$2,918",2.92x
Berlin Property,"Physical, Residential","$1,065",1.06x,"$1,370",1.37x,"$2,061",2.06x,"$2,572",2.57x,"$3,207",3.21x
Miami Property,"Physical, Residential","$1,085",1.08x,"$1,504",1.50x,"$2,159",2.16x,"$2,959",2.96x,"$3,870",3.87x
Mumbai Property,"Physical, Residential","$1,070",1.07x,"$1,403",1.40x,"$1,967",1.97x,"$2,572",2.57x,"$3,524",3.52x
São Paulo Property,"Physical, Residential","$1,060",1.06x,"$1,270",1.27x,"$1,610",1.61x,"$2,100",2.10x,"$2,750",2.75x
Rio de Janeiro Prop,"Physical, Residential","$1,055",1.06x,"$1,240",1.24x,"$1,540",1.54x,"$1,950",1.95x,"$2,500",2.50x